speedLimit,avgPctForcedUnder,avgPctNaturallyUnder,avgPctAbove,avgPctRestricted,avgSpeedRestrictionKmh,avgPctSpeedRestriction,CO2eSavingsPct,CO2eSavingsAbs
60.0,67.4975632845913,12.095662646435935,17.32136334785777,96.44772001290515,62.58502168062236,49.406048720435905,24.32,5370.15
70.0,67.4975632845913,12.095662646435935,17.32136334785777,96.04914596093506,52.9571697367177,41.592333221265335,25.19,5562.69
80.0,67.4975632845913,12.095662646435935,17.32136334785777,95.31362607117399,43.38849307494313,33.86248828650182,24.67,5447.45
90.0,67.4975632845913,12.095662646435935,17.32136334785777,93.35825830335261,33.94735453556599,26.288681865540315,22.9,5056.87
100.0,67.4975632845913,12.095662646435935,17.32136334785777,90.38714279727711,24.738365385731136,18.972040600401012,19.9,4393.34
110.0,67.4975632845913,12.095662646435935,17.32136334785777,84.22868972730033,15.967500289955078,12.088252189513382,15.6,3444.06
120.0,67.4975632845913,12.095662646435935,17.32136334785777,69.85951048661103,8.151025046469403,6.063036528890811,10.03,2215.71
130.0,67.4975632845913,12.095662646435935,17.32136334785777,42.88892377433422,2.3994021813041884,1.7452639400433272,3.96,873.94
